{
    "mae": 0.14096391201019287,
    "pcc": 0.6243340969085693,
    "js_dis": Infinity,
    "avg_mae_bc": 0.2460866168441814,
    "avg_mae_ec": 0.014945415199195514,
    "avg_mae_pc": 0.0007556137582484075
}