{"mae": 0.17186230421066284, "pcc": 0.3703899383544922, "js_dis": 0.3485758602619171, "avg_mae_bc": 0.019158734131003788, "avg_mae_ec": 0.014677770285368565, "avg_mae_pc": 0.0005654893157475034}