{"mae": 0.2247285097837448, "pcc": 0.09780986607074738, "js_dis": 0.5353963375091553, "avg_mae_bc": 0.016854767008968694, "avg_mae_ec": 0.02883256764727377, "avg_mae_pc": 0.0018121156004043699}